X0,X1,X2,X3,X4,X5,X6,X7,X8,X9,X10,X11,acctnum,gender,education,employment
0.282986524,1.946360693,0.664315559,0.648261912,-0.349246786,-1.635530667,-1.033897906,-0.567598522,2.446780145,0.660522977,0.881658283,-0.48461779,310,M,PostGrad,FullTime
,-0.953207345,,-0.718599178,-0.939475257,-0.842621851,0.990444166,-0.331903106,-0.867022814,0.781984118,,2.719563361,854,M,None,FullTime
,-1.594677907,0.73730698,1.889092566,-0.138970761,-1.406657251,-0.155869949,-1.366356401,-1.047294214,,,,677,M,UnderGrad,FullTime
-4.011778904,,0.488017533,,-2.867879761,-0.505969994,,-0.548134741,-0.656031908,-1.427537218,1.395853174,-2.659983693,956,F,PostGrad,FullTime
0.682066055,,,0.156408457,-0.925927645,1.563309655,-0.021163795,-1.229249792,2.021061896,1.521372554,0.686224749,,489,M,UnderGrad,PartTime
,-0.995583898,1.323599135,0.939781009,-1.365253728,-2.246256803,1.204856748,-0.550082289,-0.609758248,,-1.601891207,1.779483201,354,F,HighSchool,FullTime
0.477236926,2.250333599,-0.309190754,-1.545767472,-1.027657276,0.408244982,-0.599015463,-2.022883986,2.785974999,1.73352003,-0.35852842,-1.24564155,932,F,UnderGrad,FullTime
-0.331600273,-0.757598267,-1.274255636,-0.257101908,-1.243610719,0.704317699,0.980556324,-1.26539468,,1.27120982,1.113419847,,872,F,None,PartTime
-2.807275002,1.952850956,-0.643833116,0.481032299,-2.989928167,-0.412504285,0.156698483,-1.7838417,4.21987468,0.292820925,0.730728284,-2.898372286,620,F,HighSchool,FullTime
-3.088959536,0.426622999,-0.706976751,-1.521384385,-2.471871275,-0.081841034,-0.58627213,,0.175518829,-1.062212684,0.869042975,1.373985964,351,F,UnderGrad,Unemployed
0.444192345,-2.070356118,-0.855371731,,-0.662635876,1.203570607,0.322292961,-2.735524831,-0.342643004,2.058597174,-2.031237099,-0.586238972,693,F,PostGrad,FullTime
-7.224406285,-0.661803876,-0.951154373,-0.607454507,-5.083943185,-1.453782756,0.533481748,2.12652469,0.173374165,-2.834682145,-1.408284749,3.172344728,394,F,None,FullTime
0.080284688,-0.837005492,-0.799235342,,-0.88267035,-1.053818128,1.434999036,-1.477007928,-1.586451553,1.162583117,0.433304214,0.282447407,53,F,HighSchool,PartTime
0.319531058,1.462610565,1.732424028,0.465969897,-0.278339139,,1.094105275,0.446212426,0.545356074,0.381646363,0.628238257,,998,F,HighSchool,FullTime
1.973543113,,-0.650385553,-0.302474515,0.375040157,1.59965075,-0.000869293,-0.845067432,,1.716844565,-1.054976943,,268,M,HighSchool,Unemployed
-1.728550212,-0.231316597,-0.076644826,0.325870173,,0.308781023,,,,-0.149485379,-1.914813028,1.88754042,355,F,HighSchool,FullTime
1.425495672,0.552939524,0.03593909,-1.106471778,-0.489501175,1.096364062,-0.341324312,-1.179136705,-0.849007501,2.115700918,0.389704598,2.977088951,567,F,HighSchool,Unemployed
0.658344285,-0.264104388,,,0.346864396,-1.341169408,,,-0.964094725,0.317985519,-0.212408957,,769,F,HighSchool,FullTime
-0.348213878,,-1.415289786,-0.93514887,-1.138231324,,0.084792563,,-0.995796302,,-2.044677373,1.395692895,679,F,UnderGrad,FullTime
3.382221594,,0.428005333,0.528994719,,-2.126645139,-0.407786034,-1.501681452,,1.52232635,-0.313741483,-1.494797083,414,F,HighSchool,FullTime
-2.751716043,-1.234344789,-0.451887287,1.301233586,-1.562778604,-0.932645507,-0.306745384,0.427229258,-1.096950715,-1.461050513,1.128725223,-0.933282941,643,M,UnderGrad,PartTime
-0.061078021,0.270585745,-0.646911176,-0.918616949,-0.227046493,1.365558379,0.464471541,0.986112771,-1.990123704,-0.314246397,-0.232814543,2.280044743,725,F,UnderGrad,FullTime
2.009704833,1.861114937,1.12090755,,,,-1.603823042,-1.589844372,1.379504977,2.16173506,0.418879975,,743,F,UnderGrad,FullTime
,-1.620442876,0.269323527,-0.90896479,-0.941824832,0.386018092,-0.057541535,0.971024704,-0.741948422,,0.87564944,,772,M,None,PartTime
-0.777970804,0.616796989,-0.773321369,-0.893519388,-1.081361879,-1.262568956,-0.798289291,0.298495802,0.19248636,0.165939799,-1.046122461,2.139765244,931,M,None,FullTime
1.281662702,0.80484894,,1.327059858,-0.563793377,0.187891962,-0.549619422,-2.892356006,2.10745585,,-1.932461646,,336,Missing,UnderGrad,PartTime
1.150481206,0.487441178,0.599912201,-0.5159339,-0.161173249,0.033411457,2.097816548,,0.166312827,1.582022499,0.952960694,1.73459139,301,M,UnderGrad,FullTime
1.261863721,,-0.378058855,-2.738104138,-0.03632834,0.764841798,0.367733963,0.244618739,-4.319503459,0.285107205,1.289319525,1.213171295,243,M,UnderGrad,FullTime
1.3346056,3.460961783,0.939582325,0.10232498,-0.008173407,-0.522936127,-2.986590315,-0.576176351,2.633222635,1.128479149,0.744178944,-0.160415636,463,F,PostGrad,Unemployed
,-1.36932411,0.29273176,0.044109464,1.006933051,,-0.320294303,-1.271093398,-1.768146082,1.926798935,-0.727442087,1.663395657,602,M,UnderGrad,PartTime
2.337886804,1.40489844,-0.554097151,1.465843993,0.576375028,2.609364995,-0.145527804,-0.285219289,,1.746605117,0.388067887,3.174947386,928,F,PostGrad,PartTime
-2.961133269,-0.275501918,0.873067382,-0.259882802,-3.309527632,-1.204484617,1.048672322,-0.293221423,-1.005362709,0.148452306,,2.88649879,630,M,UnderGrad,Unemployed
0.174653208,,1.680692651,-0.019678084,-1.092626793,,-0.079963997,-1.210672505,0.10752921,1.517342896,0.541067608,1.722529662,818,F,UnderGrad,Unemployed
0.12985431,-0.858677755,-1.048471911,-1.301549964,,0.879688838,0.819262201,-0.735393826,-1.655075157,,0.223359042,-0.656467514,522,M,None,Unemployed
-1.76206032,-0.153227039,,1.14236006,-1.780640947,-0.609248756,-2.422748057,-0.069198229,0.328427988,0.047099903,,1.679863141,660,F,HighSchool,FullTime
-2.020435183,,,0.369279698,-2.067626586,,0.609594071,-0.589581852,-0.296220799,0.273818013,-1.363413596,,883,F,UnderGrad,FullTime
-2.25761375,-1.346758504,0.487499446,0.7344373,-2.434943314,-0.046404544,,-1.068898177,0.247353492,0.613922394,,1.506744504,742,F,None,PartTime
0.813455884,0.850691094,0.513881462,-0.644426296,-0.262555276,0.464033467,,-0.814525416,0.818285839,1.280178612,-0.318195497,1.141227597,695,M,UnderGrad,Unemployed
-2.178360655,0.387904924,1.042652846,0.298043352,-2.509993518,,-0.975065541,0.2722393,-1.449646452,-0.153167425,-1.512103558,,573,M,HighSchool,PartTime
-4.029334938,0.132924201,,0.842560964,-3.493797144,-1.873258079,0.670246324,-0.379753061,1.622525452,-0.60281482,,0.206512993,158,M,HighSchool,PartTime
-2.026429817,0.212091163,-0.45800538,,-2.200411627,0.834731306,,-0.237306982,0.460147668,0.128320727,1.094402995,1.628089079,142,M,UnderGrad,FullTime
-0.961712264,-2.774384312,,1.796919823,-1.527387743,,-0.929464052,-2.070571287,1.261840318,1.890803215,0.714394343,2.015252297,266,F,UnderGrad,FullTime
-0.78954819,-0.612951711,-1.169400562,0.681362512,-1.907558496,2.066409218,0.878764568,,-0.961116286,1.365344847,-0.28818114,1.640849583,385,F,HighSchool,FullTime
1.276589957,1.96535809,0.04004529,-0.279689545,-0.585567053,0.158059794,0.826852123,-1.705897184,1.45920829,2.043984487,1.177556655,0.443184392,360,M,PostGrad,PartTime
0.163151448,3.12893239,-0.818373965,-1.189138777,-1.320829129,-0.048945207,,-1.549448724,,1.423453474,0.849501121,-0.86971456,508,M,UnderGrad,PartTime
0.191763553,1.246876523,-0.958049172,,-1.31308743,-0.641488046,-0.73363384,-1.997691083,1.665276115,1.825427583,-0.145334629,-0.084221701,664,M,UnderGrad,Unemployed
0.048205239,-2.90019155,0.954311798,0.318820263,-0.914395087,0.034978293,1.535566177,-3.515819414,0.107445718,2.237620322,-0.863796657,-1.833895397,112,F,None,FullTime
0.287214501,,-0.343595119,-0.502435109,,,-0.991764206,-1.049090917,0.880838366,,-1.025743032,,851,M,PostGrad,PartTime
,1.226444002,-1.01171612,0.904632278,-0.867090901,-0.394537703,1.083927163,-0.402992901,0.977483318,0.761007956,-1.572515703,1.236653725,330,F,PostGrad,FullTime
-0.162252119,0.956305083,0.786164161,0.980277999,,1.405135926,0.003989157,-1.255276536,,,-0.099294435,0.42670487,233,M,UnderGrad,FullTime
-2.773252665,-0.781863525,0.8346494,0.063394919,-0.095675302,-2.891265202,-1.393690227,2.880982204,,,-2.53380065,0.016307008,637,M,UnderGrad,FullTime
,,0.3908076,-0.594814825,-0.114200222,-1.707494912,,-0.000518907,,0.56447405,1.070868678,2.141474674,60,F,HighSchool,FullTime
0.802445159,-1.636891936,-0.660455466,0.891371286,-0.365848204,-1.567163174,0.150462196,-2.17982784,-0.4218412,,-0.205539725,0.429167539,646,F,PostGrad,Unemployed
0.57256502,-1.214619961,1.677018453,-1.854911916,0.147579996,2.291075123,-1.124022491,,-0.944747341,0.786802737,,1.550757239,225,M,UnderGrad,Unemployed
-1.576297431,-1.426119003,0.677016756,,-2.298749314,-0.861992279,-0.313087098,-0.995678455,0.246934396,1.368323578,-0.215135081,3.898406199,152,F,UnderGrad,FullTime
0.860183276,-1.496131127,-1.434456583,0.406267492,-1.850299779,-0.853419037,2.102580713,-4.498187507,-4.325590078,,0.184126127,-1.97172204,635,F,UnderGrad,FullTime
0.313501842,0.161899454,0.030538915,0.138851448,-0.973876125,-0.248840475,-1.870975125,-1.420764786,0.242964403,,-0.451929439,,976,M,UnderGrad,FullTime
-3.239038261,-1.730579295,1.277420179,-0.029620165,-3.479540167,1.624070843,-1.055936473,-1.738249869,0.200163663,0.758613233,-1.587446863,1.068786705,874,F,None,FullTime
-1.234654704,,0.778527643,1.626401324,-1.258680632,-0.287883258,,-0.010991625,0.458470689,,-0.378046479,3.245302249,713,F,HighSchool,PartTime
-1.039859487,-1.132285683,-1.426622201,0.498654479,-0.756521988,0.643836147,1.52570917,0.963564705,-1.198235542,-0.276329746,0.241971201,3.447583777,676,F,HighSchool,FullTime
-3.280712487,-0.714984944,1.193878438,0.623317755,-2.624411128,,0.481605768,0.714464471,0.378128648,,0.022141025,2.967434642,239,F,PostGrad,PartTime
,,-0.93415884,0.805850166,-1.126424286,,-1.068423027,-3.68018871,-1.099361787,2.972492665,,-0.365321709,302,F,HighSchool,FullTime
-1.431945311,-2.054186475,0.093372533,,-2.192662206,0.346723856,-1.374080337,-2.530971293,-0.246282643,1.531058015,-1.819819559,-0.094672964,438,M,PostGrad,FullTime
-1.356187984,,0.533261182,,-1.617418969,-0.478039917,0.956602408,-0.090950891,0.209586223,,-0.126354811,1.873652276,106,F,HighSchool,Unemployed
-1.35470482,,0.149384237,0.617976616,-2.396289346,-0.107864865,1.337481391,-2.730747972,,2.257519846,0.863742516,,611,F,HighSchool,FullTime
-2.487802662,0.417841288,-0.826223346,0.294995097,-2.121889839,-1.546331992,,,-0.358580892,-0.821477741,0.637492401,3.19160265,275,M,HighSchool,Unemployed
0.018303682,-0.370963853,0.37565872,,-0.662601542,-1.335561191,-2.39469602,,-1.961778462,,0.897769133,2.133875801,22,M,UnderGrad,FullTime
0.800835536,,0.376077839,0.277512906,-0.084625326,-2.402905468,-0.538478576,,-2.200230154,0.741621807,-0.175334182,2.04831327,305,M,PostGrad,FullTime
-1.984411798,-0.030550284,-1.059827049,-1.98101433,-2.521792904,,-0.130059656,-1.274899467,0.824234919,,0.539291669,0.705987326,94,F,PostGrad,PartTime
0.532220308,1.162410894,0.569763866,0.839683059,-0.765084981,-1.113223161,-0.628041117,-2.06162233,2.377061416,1.765965181,0.6036238,-0.980374525,619,M,UnderGrad,FullTime
-6.154746916,,0.713019093,0.461637457,-4.020548477,-0.814486186,,2.218684002,0.506982196,-2.580747742,-1.594604655,3.3357508,368,F,UnderGrad,FullTime
,-0.543048401,0.817467266,-0.922882068,-2.07580519,0.434238384,-0.459008907,-1.090607433,0.004496759,,-0.872082524,1.584823044,832,F,PostGrad,Unemployed
2.35639361,2.869867104,0.910852735,-1.72055615,0.145643792,1.829923919,-0.037222662,,2.323244794,2.415243291,-0.485850707,-0.351131057,487,F,PostGrad,FullTime
0.492749212,0.01788867,0.964314367,1.54025959,0.093298755,-0.239556311,-1.129693752,0.41913678,-2.313231227,0.027884764,0.673910932,1.399949661,935,F,UnderGrad,FullTime
1.511265829,0.654315983,0.003840379,-0.084743214,-0.179472134,-0.285000262,1.073215459,-0.730978501,-0.828438209,1.808635832,0.013894982,3.085943878,549,M,HighSchool,FullTime
0.036094928,-0.132960282,1.939437717,-0.431405289,-0.645543138,,-0.320878669,0.303635091,-2.455067599,0.379344719,-0.736248602,2.882054345,81,F,PostGrad,PartTime
-4.945774029,1.193848393,-0.218833127,,-4.621486993,1.654912981,,-0.972303926,,-0.528196498,-1.548068121,-0.872642789,700,M,UnderGrad,FullTime
,,0.172530505,-0.781326648,-0.518742656,,-0.255721763,-1.650027292,-1.556233331,0.993194178,0.374162368,-0.988694047,392,M,None,PartTime
-1.700440042,0.32764223,,1.173604439,-1.506612984,,0.613094251,0.069100893,1.143760326,-0.208468384,,,178,F,UnderGrad,FullTime
0.420935771,0.539457606,2.329081194,,-1.007365512,-1.331557197,-0.178078542,-1.293771286,0.21103364,1.677655734,0.992625708,1.75427983,353,Missing,HighSchool,FullTime
2.591275789,,0.821485497,0.234694037,1.219174154,1.996692966,-0.196026482,-2.003816448,-1.235414383,2.204664642,,0.185774389,884,F,HighSchool,PartTime
-1.760300563,-1.36433586,-1.562343499,-0.647669848,-2.256943115,-1.90480178,-0.369966533,-1.453605064,-0.245688639,,-0.425024307,1.180395208,570,M,UnderGrad,PartTime
-2.090189813,,1.121375857,1.535234399,-2.349810309,-1.280585685,0.691980904,-1.460358858,0.538432376,0.97866396,-0.338998138,1.559912958,903,M,None,Unemployed
,-1.07074791,,-0.995046725,0.021316101,,0.539084615,,-1.706764412,0.827245597,1.096338197,,477,F,HighSchool,FullTime
1.01489819,-0.088627129,-0.971644332,0.684613944,,0.22267335,,-1.409583922,-0.078187844,1.890980525,1.205011089,1.802948982,696,M,None,FullTime
-2.857979815,,1.611200048,0.629167286,-3.286148037,0.830987524,0.009153034,-1.305991198,-0.455083278,0.558018897,-2.275042811,1.212353094,379,M,UnderGrad,PartTime
-0.322778462,-0.264424888,-0.714426848,0.398494802,-0.723852577,-0.850651406,-1.350115136,-0.586613092,0.573096956,0.701137621,1.777291013,1.08538999,592,F,PostGrad,Unemployed
-0.132423792,-1.177671704,0.960530556,,-0.233876769,-0.299048314,-0.834668105,-0.075677697,-0.476758662,0.428117155,-0.402305037,1.856497575,786,M,UnderGrad,FullTime
-0.448396042,-0.135257419,0.766614834,-0.576129089,-0.766303744,-0.636157131,-0.57590425,0.19689045,-1.623682389,0.072809264,-1.178254368,1.706440363,313,M,UnderGrad,FullTime
,-0.827496811,0.104838485,0.472014413,-2.022450076,-1.789355823,0.924645085,-1.476860304,-1.048168712,1.034385146,0.904596571,,91,M,UnderGrad,FullTime
0.945716717,-1.322725061,-0.825285874,0.082077373,-0.653458481,-1.811706857,-0.144923359,-2.56806947,-1.237466316,2.254800795,-1.175500129,0.202611895,80,F,PostGrad,FullTime
1.783394071,-0.391928719,0.160563205,0.79352326,0.557863408,,-0.45504716,-1.271397654,-2.433920766,1.25341125,,-0.351077171,930,F,UnderGrad,FullTime
-0.078155943,0.002658386,-1.062226025,-1.656835096,-0.853606265,0.715528883,0.801420912,-0.55126747,-2.272950759,,-1.401602835,0.687080916,888,M,PostGrad,Unemployed
-2.34255447,,,0.676688295,-2.88640357,0.906959139,1.848148319,-2.124805277,4.506426021,,-1.296249117,-3.191419433,69,F,PostGrad,FullTime
-1.938774003,,-1.080377221,-0.857103982,,0.268990913,,,1.095742115,-0.137462042,-0.035291094,,984,M,HighSchool,PartTime
,0.904447571,-2.192503463,-0.538290423,-0.046067841,0.521642329,-1.690877189,-0.629413353,0.280738264,1.3944964,-0.441718449,1.849208912,367,M,HighSchool,FullTime
-2.270644528,,,0.200074775,-2.502838254,-0.485022436,-0.454254099,-1.093477993,1.132392226,,-0.535424303,2.892833949,545,F,UnderGrad,FullTime
-2.778840314,0.474519968,-0.358759789,0.860171187,-2.572016184,1.168504029,,0.079950672,,-0.386249171,-0.475936985,1.263287028,830,F,None,Unemployed
-0.173299497,-0.203877897,-0.266696814,-0.091270866,,-0.607826142,,,-1.746023276,0.550455375,-0.1276928,1.653682804,541,F,HighSchool,FullTime
0.031926533,-0.73037109,-0.836991363,,,1.089556511,-0.201361401,-0.104386551,,0.670789667,-0.675678083,2.594673751,497,F,PostGrad,PartTime
-0.539633441,-0.259342035,0.373365006,0.229566649,-1.163498764,,1.209824861,-0.898165191,-1.070605127,0.611737347,-0.776263976,,890,F,UnderGrad,PartTime
,-0.949181839,-0.366399871,-0.554806576,,1.862233189,,3.085258358,-0.801613772,-3.076323198,0.872138023,0.957024005,157,F,UnderGrad,PartTime
-0.552234906,1.059009228,2.307813729,-0.269588281,,0.675762818,,-0.643881322,0.490491067,0.936323009,-0.309150899,1.762371044,948,F,PostGrad,PartTime
-0.656764326,0.901384769,1.84449201,-1.639639981,,-0.138933868,0.435075859,-1.115308381,-0.745666635,1.180251428,1.07166288,1.642379884,806,F,UnderGrad,FullTime
-0.672617428,0.054550918,0.36865672,,-0.76724089,0.396015915,0.386766419,0.375723558,-1.713768567,-0.306584086,,1.034239348,669,M,PostGrad,FullTime
3.034843133,1.351586621,-0.959770142,-0.603331928,0.052604331,1.467438482,-0.396695568,-2.441902077,,2.951035172,-1.148257446,0.798972841,528,F,HighSchool,FullTime
0.257338171,-1.268333471,1.052796576,-1.223334878,,-0.731252617,1.494840426,-1.739478365,-1.193112754,1.593362859,1.119919818,0.922357722,173,M,None,Unemployed
-0.669088767,-1.325973141,-1.054528867,-0.213754676,,-0.546044307,1.482501699,-2.404569217,-0.383689478,1.611712638,0.221694964,-0.287097375,359,F,UnderGrad,FullTime
2.337491987,-0.456011479,0.813695323,0.969901118,1.597771774,0.27345097,-0.481984123,-0.207753287,-2.908194794,0.596547156,1.437940326,0.006182732,909,F,UnderGrad,FullTime
-0.498485434,-0.63377979,0.587521153,0.910991411,,-0.235133268,0.50659317,-0.45319658,-0.998709077,-0.286686534,1.892922941,,838,Missing,UnderGrad,FullTime
0.874022516,0.100141744,0.912495765,0.380016372,0.290693738,0.482037247,0.500725588,-0.144796149,,,-1.790862672,1.646483038,774,M,PostGrad,PartTime
3.848453691,1.065596062,0.126407926,,1.300338646,0.188398779,-0.620575915,-2.184208943,0.536984471,3.168725101,,1.026297912,170,F,UnderGrad,PartTime
0.156317893,-0.219797319,1.860519454,,-0.430314506,0.846482276,0.7827059,-0.163375659,-1.95232352,0.4032857,1.025630611,1.330699076,253,M,HighSchool,FullTime
,-0.726010218,-0.002382097,-0.712833491,-1.19948339,-1.116143345,2.237191343,-1.395938065,-1.011404904,0.81636182,,,427,M,UnderGrad,FullTime
-0.028518368,2.723998601,-0.406326982,-0.506900438,-1.088349677,-1.098682058,0.712460919,-0.553247238,2.0723959,0.8299896,-0.51478733,0.424773281,876,M,None,FullTime
-0.626527702,-1.223464938,0.40678775,0.264275161,-0.816066108,0.610580405,1.924016011,-0.356930719,-0.338596958,0.555709213,-0.601763517,1.945633099,849,F,HighSchool,FullTime
-1.270789513,0.520538731,-0.254501375,-0.761496816,-1.741721249,0.383259642,0.438278895,-0.316565972,0.422461607,0.429879686,-0.854210386,1.707758481,681,M,HighSchool,FullTime
-4.966459288,-0.405918354,-0.935817424,-0.212288183,-1.373922449,0.552995187,-1.68508315,3.521796476,0.956588394,,0.108613579,-1.097159296,458,F,HighSchool,Unemployed
-4.000390783,0.785141679,,0.266933461,-3.388854264,-0.42999965,-0.561537306,-0.837387572,3.108178709,-0.605684084,-0.74486876,-1.695627419,63,Missing,UnderGrad,FullTime
-1.118185796,-2.530540453,-0.442139283,,,-0.988935535,0.090156777,-2.824477524,0.403415094,,-1.238945665,0.745286734,221,M,UnderGrad,FullTime
-0.621221901,0.157491004,-0.930429749,-1.118983091,-0.926734005,1.779936745,0.002061834,0.108523394,0.104192559,0.317972469,1.257309479,2.087730525,309,M,UnderGrad,PartTime
,-1.837458113,-0.858237879,-1.234147769,-1.662044764,0.840245805,0.512707798,-1.219467257,-1.310616427,1.337988314,,2.796830377,656,M,UnderGrad,PartTime
-1.697871274,1.914181205,0.792238538,0.930145729,-2.377069914,,1.59610993,-1.845164964,3.466619541,0.832991295,-0.926266734,-1.991847304,790,F,UnderGrad,FullTime
-0.891301932,-1.214652665,-0.492366239,-0.18704784,-1.461879793,-1.049326493,-0.741037474,-1.047358369,,0.893211139,1.738944795,1.484117865,284,F,UnderGrad,FullTime
0.646889885,1.305018598,0.906948024,,-0.059979693,-1.507263023,-1.212725713,1.035198113,-4.235490254,-0.437292254,0.529501125,1.539726098,864,F,PostGrad,PartTime
-1.637222196,-1.257200639,1.111798866,-0.628904489,-1.314395149,-1.672135306,-0.336086143,0.981306996,-1.502152583,,-1.388445945,,753,F,HighSchool,Unemployed
1.950240905,-0.591279016,0.763654912,-2.083909724,,-0.030765589,-0.302033211,-0.883884641,-1.915101696,,-0.075362843,0.111580007,290,Missing,PostGrad,FullTime
1.104778047,-1.337503847,-0.823082895,0.434787798,,-0.952885731,,-0.568304731,-1.057776759,0.88907097,-1.428179873,1.00611992,483,F,None,FullTime
-1.189337304,-0.350437967,-0.318566739,-0.759224321,,-0.073021549,-0.91930667,1.401491224,-1.294440693,-0.479870724,-0.761588395,,73,F,UnderGrad,FullTime
-1.53386811,,0.718669397,0.639000556,-1.511627798,-0.470524919,-1.276605645,0.57999492,0.354975849,-0.248046715,,,180,M,UnderGrad,FullTime
,2.186820123,-1.488967962,0.546270044,-0.725761697,1.809729222,0.396887671,-1.525325753,2.652235598,1.434185216,,-0.867968928,74,F,PostGrad,FullTime
2.195744877,-1.217264493,,1.509903016,1.091038,-1.006410194,0.901172614,-1.42360021,-1.726922694,1.564583015,-0.290752352,-0.043073547,278,F,PostGrad,FullTime
,0.469051209,,1.88979869,-0.149751261,1.327736768,-1.14888215,-0.862950033,0.343258726,,1.065834463,1.540699468,933,F,PostGrad,FullTime
-1.136270003,-0.733702467,-0.108463986,1.098712296,-1.759212617,-2.141252845,-1.272287487,-0.945563769,-1.38100559,0.674859683,0.880456963,1.224795544,33,M,None,FullTime
,2.682204061,0.303371836,0.006297683,-0.759451918,1.234740523,,-0.481534838,0.760144346,1.391348356,0.103611994,2.105750359,894,F,UnderGrad,FullTime
4.792091475,-0.033340137,,0.603923596,1.285734436,,-1.141538059,,-1.433343679,4.38490287,-1.042334279,2.123429197,613,F,None,FullTime
,,-1.477477299,-0.244777476,-1.74603367,-0.396518889,-0.570059267,-0.613274548,0.589090338,0.500385628,0.052654103,1.253379252,433,F,UnderGrad,Unemployed
-2.117900249,,-0.779239096,-0.193257874,-1.862989405,-0.984618389,,0.0596034,-1.384202799,0.012349738,0.123197935,,183,Missing,HighSchool,PartTime
2.779300262,-0.144458552,,0.864006647,,-0.175687759,2.067547574,,-0.873770153,3.436703795,0.590880587,2.662781713,747,F,UnderGrad,FullTime
2.416352929,,0.934444591,0.859692658,0.890025548,0.936948056,-0.781306749,-0.469598082,0.159349502,1.671417594,1.210955266,2.136072103,555,M,PostGrad,FullTime
-1.711414461,-1.3653136,-0.979802099,-0.948287422,-1.733210312,0.508561526,-0.52915551,-0.592705456,,0.466140943,1.108048171,1.860854526,295,M,PostGrad,FullTime
-0.569348282,,,-2.802998214,-1.452190672,1.025203776,,-1.961838548,0.585375455,,0.260954689,2.126355278,137,F,HighSchool,FullTime
,4.195144122,-0.421226712,1.477965811,-0.665463248,-1.538017405,0.126606265,,4.602339918,2.162950292,0.60855771,-2.894175302,542,F,UnderGrad,PartTime
1.227504815,1.245243667,-0.085040879,1.002279819,0.02090924,,,-0.783836382,,1.366636587,-0.644094291,,120,F,HighSchool,FullTime
-1.925613322,-2.659825669,-0.257662204,-0.620728447,-1.655677933,0.514766427,0.679155472,0.123397085,-1.842568315,,-0.89589186,,732,M,HighSchool,PartTime
-0.62774352,-1.0068627,1.011873559,0.156384802,-0.686680065,,-1.696678314,-0.870750366,-1.278888424,0.11007294,0.057918432,,280,F,UnderGrad,Unemployed
0.348848935,,0.994312844,0.255561861,-0.269347547,0.272445955,0.574032587,0.420122261,,0.797911656,-1.4912826,4.806966122,833,F,UnderGrad,FullTime
0.204393353,0.193182483,-0.84517011,,,-0.494354953,-0.916722561,-0.725327303,-2.603795599,0.538306568,1.329477043,0.125821137,644,M,PostGrad,FullTime
0.758770882,-3.101079352,-0.329097013,2.171790639,-0.281368361,-1.229389409,0.018385745,,,2.529012065,0.161508639,-0.236883775,738,F,PostGrad,FullTime
-0.980134966,0.255374086,-1.440575504,-1.447027398,-1.559583943,,-0.1450016,-0.23433379,-1.63520398,0.231808311,-0.207398068,1.433485303,756,M,HighSchool,FullTime
-2.686726302,1.878710148,1.006745159,-0.254639355,-3.337357716,1.191961247,,-2.739896954,4.455468152,0.962787928,-1.762120861,-3.467939394,149,F,UnderGrad,PartTime
-4.625257475,,-2.427217352,-0.953154331,-4.208048182,1.062420068,-0.809162214,-0.868362733,2.648242918,,-0.420194636,-0.906627431,983,F,UnderGrad,Unemployed
-2.079456627,1.769328812,,2.150057806,,0.523695898,0.569952817,-0.565248181,2.8652104,-0.076141355,0.437579067,-0.942154743,44,M,HighSchool,Unemployed
,2.557880709,-0.544002071,0.217609542,-1.901519394,-0.022872881,-1.113734968,-0.249053608,1.886452058,0.332531586,-1.582392938,0.730567173,829,F,HighSchool,FullTime
2.944997597,,-0.077216214,2.19874966,1.051855574,-0.58751186,0.776943168,-1.152450397,-1.139129728,2.433884839,1.309649978,,781,F,PostGrad,FullTime
,-0.176634117,0.007968701,0.045339978,-2.862590275,,0.126509133,0.242215298,0.972549462,-0.836269579,,0.994063848,7,Missing,UnderGrad,Unemployed
0.714333738,-2.525796901,2.072624377,,-0.668859786,-0.474953062,-1.556604472,-3.44815183,-0.361704252,2.574461116,0.660701666,-1.002258791,799,F,HighSchool,FullTime
-0.63439972,1.911629905,-0.574715888,-2.07333883,-0.279002288,0.137736327,0.076858186,2.607976183,-3.505049652,-1.897700345,-1.120366683,1.865309921,136,F,PostGrad,FullTime
-2.685210647,0.186755019,-1.20909805,-0.775842111,-2.549759319,,0.828356839,0.814561234,-0.394999023,-0.471027182,0.525810387,3.448422568,515,F,PostGrad,FullTime
2.951671473,0.881128144,2.335270297,-1.150547048,,2.175270789,0.179352253,0.108783766,,0.531313595,-0.741964731,,219,F,UnderGrad,FullTime
-1.354268383,,0.03944422,,-1.163545206,0.881877088,0.545080615,0.325143014,-0.685814994,-0.16949854,0.51824066,2.035205486,356,F,HighSchool,PartTime
-0.302656371,0.034893372,-0.294785916,-0.066519826,-1.516664513,-0.606978044,-1.256443692,-2.090194773,1.097088612,1.73019913,-1.007156575,0.145658282,698,F,None,FullTime
-1.523273658,-1.50339743,0.292649035,-0.166004471,-1.917880045,-1.565236988,0.046684612,-1.262109176,0.264084763,0.987341028,-0.069603527,1.613611938,704,F,UnderGrad,PartTime
-2.175832354,-1.037145308,0.323783895,,-1.272892303,0.638405603,-0.728757671,-0.174968383,-0.252157459,-0.956323402,-0.044789651,-1.683293011,440,F,HighSchool,FullTime
,,1.142970671,-0.084580597,-2.909169214,-0.184546538,0.729843414,0.406836552,,-0.472815435,-0.705850168,2.567593732,320,M,None,FullTime
0.433043636,,,-0.548042512,-1.001477901,,0.134096966,-1.650184975,-2.183767763,,,0.323227305,634,M,UnderGrad,PartTime
,,1.622088642,1.292509729,0.801294664,0.607442305,,-1.702581704,0.611883119,,1.491885266,1.579964377,614,M,None,PartTime
-0.991271388,-2.120585749,0.604951041,,-1.075770891,,-1.528305687,-0.872052751,0.631856985,,0.732957221,2.084292467,977,F,None,FullTime
5.945238307,3.629201371,,0.416263378,2.041072594,,0.512436168,-2.346950796,0.84128968,4.169282881,0.37681148,1.590301253,406,F,HighSchool,FullTime
0.212683935,-1.42840271,-0.511003132,,,1.391880149,0.761869289,-0.11912115,-0.53551343,,-0.955754321,2.197890035,808,M,UnderGrad,FullTime
-1.308529568,-0.056446335,0.011342975,0.734921412,-1.529604222,-1.333749141,0.369074219,,-1.612313719,,,0.080035647,165,M,PostGrad,Unemployed
0.423283261,-2.30865394,-2.187648452,,-0.129152045,0.008430626,1.392998971,,0.365391981,1.600368266,0.444274661,,946,F,UnderGrad,FullTime
,0.078194668,-0.448066352,,-1.921677932,-0.468140265,1.047327189,-0.415491869,,0.158686432,-0.463022627,1.112871848,782,F,PostGrad,Unemployed
,-1.307524937,0.21977928,1.128994994,-2.570225195,-0.835025819,1.139669848,-1.26359663,-0.826677269,0.663793306,-0.921067682,1.230165668,800,F,None,FullTime
-1.530751353,,-2.274895783,0.995598821,-2.213485896,-0.911644971,0.666571186,-0.014541507,-1.757307241,-0.579848508,,-0.892708563,868,F,UnderGrad,FullTime
,3.812848352,0.473296792,-1.935758424,,1.657317407,-1.657182631,-3.068568305,2.821048939,3.580556001,2.173884325,-1.027588547,509,F,UnderGrad,FullTime
2.555280895,,-0.903339461,-0.835352965,1.157588453,-0.918516738,-0.175183805,-0.683927612,0.854620834,1.663173584,,1.156504316,534,F,UnderGrad,PartTime
2.573791748,3.383012946,0.90726606,-2.046262034,,1.155142046,,-1.885441388,3.056435142,2.299838867,1.344159469,-1.08496982,51,F,HighSchool,FullTime
-0.286738669,-0.734561667,,-1.654993914,-0.607437853,-0.930241429,,-0.396432957,-1.234333991,0.376296789,0.531531724,0.907604631,455,M,PostGrad,FullTime
1.762270013,0.708132636,-1.189949077,0.494420424,0.692004325,-1.664237267,,0.223317779,-3.096322534,0.535641412,-1.196512253,1.468052195,412,M,PostGrad,FullTime
5.429384306,2.348463816,2.115979418,-0.726316555,2.140898513,0.529593829,-0.944715344,-1.480070306,-0.410882063,3.543342401,0.605955496,2.951648519,196,F,None,FullTime
-2.607759605,-1.173535401,0.761319016,0.747718912,-0.6580757,,1.109042606,1.802292247,-0.265448735,-2.248380366,-0.577119222,-0.01602425,938,M,PostGrad,Unemployed
0.458748653,2.459478946,-2.11584225,0.625298468,0.200261148,1.703571243,-0.8075908,1.680738934,0.65267541,-0.358073051,0.695680051,2.687375261,408,M,UnderGrad,FullTime
-2.207400818,0.774449519,-0.442182155,0.520813977,-2.736630729,0.153300325,-1.549246061,,,0.809973152,,-1.245427106,145,F,HighSchool,FullTime
1.866775021,-0.402997235,0.292810218,-1.150487911,0.845168431,-0.751780305,-1.057441401,-0.520599457,-0.380959628,1.451318299,-2.153350333,,264,F,HighSchool,FullTime
2.498939676,1.921799785,-0.492507918,-0.736650572,1.496276099,,-1.937780608,0.595685549,,-0.253955763,1.944525387,-1.011825127,236,F,UnderGrad,FullTime
,-0.260448589,0.852785435,-0.223702229,0.688741886,-1.153685177,-1.232282645,-0.510114596,-2.929487901,1.038798993,,1.179460508,181,F,None,FullTime
1.031104426,-1.913968352,1.909099989,0.42625589,,0.765547598,0.619090314,-3.122122835,-0.788067164,2.387517931,1.200196354,-1.055410285,314,Missing,None,Unemployed
-1.406441196,,,-1.177570732,-0.261098486,-0.765990352,-0.007096734,1.063872775,-0.836652921,-1.433638972,-1.338835716,-0.376530569,705,M,UnderGrad,PartTime
-1.147803259,-0.88654455,,,-2.297330729,-0.053938235,,-2.336943965,-1.664556092,1.324747585,0.5140519,-0.490668393,55,F,UnderGrad,FullTime
-2.289719984,-1.442412944,1.47963478,-0.520481339,-2.087624217,0.649915422,,-0.002691858,-0.720294483,,1.01715638,2.59013056,517,M,HighSchool,PartTime
1.950795635,-0.501019253,-0.557145547,1.630278246,0.63521135,-0.652103884,-2.025364476,-1.684959031,-2.560366056,1.385584893,0.560311202,-1.237330104,594,M,UnderGrad,PartTime
-0.440710413,2.538645543,,-0.216670867,,0.174195618,,1.919282302,0.866328678,,1.891713227,2.606442501,900,F,UnderGrad,PartTime
,-0.972901772,-0.62218921,-1.304536573,-2.943768095,,-0.120421719,0.725486358,-0.41292123,,-0.195863473,2.609732042,975,F,PostGrad,Unemployed
0.47276525,-1.668693375,0.40265827,,-0.32444893,,0.70465312,-1.003044784,0.290517646,1.673483248,1.775379056,3.020691299,144,M,PostGrad,FullTime
-0.808674411,-0.314392571,,0.521304128,-1.493621711,-0.677812409,-0.09209436,-0.870236422,-1.421805916,0.616928042,-0.445702279,,263,F,HighSchool,FullTime
-1.792779228,0.447444401,0.051554745,,,,-0.794621751,-0.528507834,-2.04805097,0.118937211,,0.969535395,461,F,PostGrad,FullTime
-0.419237697,0.139052562,0.946755026,-0.044430912,-1.04321247,1.375589326,-0.399051475,0.339428235,,0.265050298,-2.256508951,2.879249908,519,F,UnderGrad,FullTime
5.565720537,4.605150762,-0.927557442,1.453607686,2.163262304,,-0.20705247,-2.375645076,2.974106653,3.63470628,0.152031139,-0.795901082,482,Missing,PostGrad,Unemployed
-0.21804206,-1.629356728,2.401479803,0.759793374,,-0.196792834,-1.166936683,,0.20196706,1.669086126,1.622400188,3.961543204,821,F,UnderGrad,FullTime
-0.673615985,0.441169389,0.474977292,1.013605678,-1.369299374,-0.775513699,0.463302183,0.317050014,-2.679770973,,0.905519105,2.540721873,892,F,PostGrad,FullTime
,0.170875052,-1.612118091,-0.156590822,-1.866253764,,,,0.650714928,,1.133618738,1.126131691,26,F,PostGrad,FullTime
-0.851419343,,0.32071028,,-1.195772801,1.88462783,,-1.051233187,-0.42817237,0.770854833,,0.904052949,988,M,HighSchool,FullTime
0.969685418,0.276049674,-1.531225524,0.581333478,-0.832816351,,1.264556193,-1.584684828,-0.408929491,2.137785672,0.006276207,,203,Missing,HighSchool,FullTime
,,-0.882509032,2.315710085,,0.014728048,0.795975423,-0.42488691,-0.037535331,-0.521767037,-0.929204459,1.421762353,714,M,None,FullTime
-2.368054153,1.154604991,-1.19928227,-0.296981749,-2.4421404,-0.598478999,-0.355391804,-0.044719219,1.2455549,-0.175643834,0.77379791,1.048675341,285,M,PostGrad,FullTime
0.036661237,1.108597754,-0.227584594,1.067782428,-0.446722406,-1.193955424,-0.551865407,-0.263543077,,0.535538468,1.856125777,0.617593625,71,M,UnderGrad,FullTime
1.193482668,0.981903259,-1.779281555,1.56767488,0.133199896,0.644673829,-0.429069564,-1.50971837,2.138464635,1.518436931,-2.066064572,-0.788176304,129,M,HighSchool,PartTime
-1.090347399,-2.397615299,-1.600320434,0.02076762,,-1.420243704,-2.984217798,,0.893266315,,,1.55269734,93,M,PostGrad,PartTime
3.969686163,3.251912701,-0.957939758,,1.262871682,0.042129754,-0.174588404,-2.303953443,2.602251413,3.058419114,1.799947329,-0.784083672,237,M,PostGrad,FullTime
-1.674319403,0.91965777,0.221847269,-0.269296147,-1.911853595,-0.360174278,1.442126381,,1.094773151,0.118787114,0.102128263,1.012764462,978,M,HighSchool,FullTime
-2.446173138,-0.684636065,,-0.704144829,-2.623534429,-0.825844905,0.632302874,-1.136754795,0.68958556,0.467379698,1.435008885,0.701980611,952,M,PostGrad,FullTime
,0.525437423,,1.473082565,-1.71221865,-0.663253731,-0.884608925,0.252008478,-0.414691551,-0.298879154,0.841955062,1.283457302,347,F,None,FullTime
-2.354537519,-2.03672649,0.729066363,-0.966564102,,-0.761522977,-0.147828576,-2.594925407,0.672312661,,0.108824939,,603,F,UnderGrad,PartTime
,-1.330929885,,0.496643837,0.084661348,-0.571683452,-0.541369336,-1.621886913,-1.330901811,1.721531204,,0.810016778,537,M,UnderGrad,PartTime
,2.139152558,0.70111528,0.252437963,0.233015399,-1.366980231,2.75120732,-2.155579045,1.322540631,2.810071624,0.623842047,0.505538972,378,F,UnderGrad,PartTime
-0.76453568,-0.174792297,,-1.698897954,-1.11538626,-0.19923314,1.087424632,-0.240404281,0.079252257,0.47610688,,1.830510755,123,M,HighSchool,PartTime
,-1.523251868,-1.167792697,-0.184245703,0.229801897,0.452213283,2.34161628,-1.805442246,-0.763997133,1.983574907,,0.953315404,363,F,HighSchool,FullTime
1.885060057,0.245936593,-0.741101331,,,-0.875559864,0.174857367,,-0.779305304,1.711829112,-0.259293572,2.95268217,49,M,PostGrad,PartTime
-3.499084381,1.31850969,0.364645828,-0.153093147,-3.10554463,,-0.273933744,0.676392259,,-1.223705469,0.507970252,0.761665699,171,F,HighSchool,PartTime
0.285637312,-1.301933907,-1.161432637,-1.388851504,-0.78237634,1.166541753,0.813446948,-1.670501981,-1.261775681,1.538377848,0.714763285,0.92112618,518,F,HighSchool,FullTime
-2.62686601,-1.045218295,0.9340139,0.637545367,-3.193023838,-0.110709228,0.735110721,,0.030592446,,,1.186053377,764,M,UnderGrad,PartTime
-2.210730498,-0.550836486,-0.72614586,0.779383244,-1.11474948,0.354766728,,0.467207482,-0.654865112,-1.455825275,-0.600430689,-1.569828521,825,M,HighSchool,FullTime
0.728818536,0.808908405,-0.121065004,-0.035934949,0.053798264,-0.686933502,1.089943594,-0.181926567,0.806965995,0.784300597,0.310129971,1.313043188,370,M,UnderGrad,FullTime
-1.149676825,1.046014125,-1.531369491,-0.029529528,-1.634402653,-0.468718888,1.167816512,0.438156317,-0.133308742,0.153930231,-0.05766796,2.874130865,531,F,PostGrad,Unemployed
-2.042910427,,0.311734273,1.495610287,-2.671394996,,-0.848246645,-1.924685709,0.706366498,,-0.67282422,1.903729287,98,M,UnderGrad,FullTime
-2.975322442,-0.946284862,,0.102034545,-2.431825845,0.567727195,-0.342446516,0.171393554,,,-2.588635859,1.782241913,584,M,PostGrad,PartTime
,1.65084763,-0.068811125,-1.262027945,0.80733478,-0.502452198,0.31876014,-0.88532333,0.574543427,1.96999396,-0.071227913,1.606512226,424,F,PostGrad,PartTime
-0.767991916,-2.162445549,-0.332321268,0.247760323,-1.514815367,0.788340138,1.610458218,-2.067791077,0.420957916,1.73520856,0.600410791,,294,F,HighSchool,Unemployed
0.056273064,,-0.69811503,,-0.767688178,-0.477167715,,-0.555993889,,0.804548607,-0.946684744,1.724071379,908,F,UnderGrad,PartTime
-1.991642719,-1.993106575,,,-2.285193222,-0.726204035,-0.181918138,-1.97017286,0.581532805,1.069657667,1.244462523,0.254429832,39,M,UnderGrad,FullTime
,0.920356847,0.20993928,1.632616203,-1.807379188,0.30169956,0.069316684,-1.032086069,1.778240819,0.651876822,-0.610726664,-0.021858562,11,M,HighSchool,FullTime
-1.34659303,0.629890447,2.832845993,-0.984495024,-1.63899122,0.53731367,0.414681238,0.212378956,0.194512816,0.115164172,-1.15114154,2.248910356,891,M,UnderGrad,FullTime
1.30367286,-2.45168967,-1.25386083,,,-0.037550864,-0.683578229,-2.183795468,-0.337749861,1.797935971,-0.049158594,-0.652671019,83,M,PostGrad,PartTime
-1.199933568,2.889207308,,,,1.579123816,-0.346507854,-0.33935108,2.849820004,0.186433175,-0.583821672,-0.372512667,511,M,UnderGrad,FullTime
1.721064687,-2.119401228,,-1.110701452,0.622593785,-0.164430241,-1.463232313,-2.366380604,-0.693175277,2.063800181,0.169838739,-0.621568133,222,M,UnderGrad,FullTime
-2.695047663,1.067488924,-1.155443007,1.933698621,-2.042390565,0.175082923,,0.576122061,1.91282881,,-1.156081995,0.302423214,380,M,HighSchool,PartTime
0.260216416,3.160894252,0.175425534,-0.745679055,,,,-2.742196602,,2.495652999,-0.952963117,-0.468121844,114,F,HighSchool,FullTime
-0.738893557,,0.306803237,-1.750777945,-1.457601531,-0.858128039,,-1.499118844,-1.116205458,,-0.478426776,0.008103383,601,M,UnderGrad,FullTime
-1.367085173,-0.773586403,,-0.162247393,,,,-1.288816558,,1.047745183,0.43299756,1.515670835,893,M,HighSchool,FullTime
-0.857715322,0.343103112,0.6075421,-0.550962631,-1.508935996,-0.338857136,-0.346350691,-0.16163308,-0.278851696,0.591955509,1.372413132,2.569212667,590,F,HighSchool,FullTime
-0.702273938,,-1.381325925,0.535991091,-1.439364499,-0.668030927,1.572605499,-0.945179969,1.579053386,,-0.385809572,0.290640325,407,M,HighSchool,PartTime
-0.120266144,-0.870057934,0.229084868,0.359367505,-0.439026213,0.058669667,-1.489049932,-0.394044668,-1.132272859,0.452678439,0.891615926,1.041523982,1,F,UnderGrad,FullTime
-1.810560937,-2.254225378,0.261073636,0.008190506,-2.627314257,,-1.222342882,,0.888645962,1.893770253,0.468189601,0.470983326,924,F,PostGrad,PartTime
,-0.133006879,-1.465322498,,-0.770445487,-0.385442214,-1.315413583,-0.197920444,-2.078837829,0.133406445,0.124200814,0.706711857,439,M,UnderGrad,PartTime
1.432407162,-0.599808633,0.67357092,0.222760478,0.287940029,1.193982533,-1.303550518,,-2.385314819,1.215376505,-0.506335683,0.76081223,274,F,HighSchool,FullTime
-2.221945281,-0.258883855,1.628870221,-0.525341408,-2.683246348,0.458943197,0.929625533,,-0.152517972,0.509665035,0.578175429,,889,M,PostGrad,Unemployed
0.5832367,-1.008940636,,0.299190957,0.54143916,-1.670746264,1.403942929,-0.175111239,-1.140216735,0.19107365,-1.662369548,,674,M,HighSchool,PartTime
0.98953558,-0.954862049,-0.505559241,1.53353425,0.277518487,0.952928982,-0.364424332,-1.041110559,-2.509585649,0.741445608,,-0.64158505,912,F,UnderGrad,FullTime
,1.83449251,0.591199563,,-0.697359579,0.879886291,-0.755756102,0.039742639,,0.258521511,1.032201887,,717,M,UnderGrad,PartTime
-1.629460129,-4.338703557,0.542193222,0.136033261,-3.194040307,0.995931791,-1.587401603,-5.814846791,,3.925386713,-0.608306363,-1.108349963,490,F,PostGrad,Unemployed
1.723427306,,1.444963604,1.214831898,0.346829286,-0.656599333,-1.485607403,-0.904817367,,,-0.548435534,0.851662255,899,M,UnderGrad,PartTime
2.807373274,0.157128366,0.849464555,1.453124693,0.58815918,-0.838554339,-0.799639225,-1.320463269,-1.247642567,2.629678442,0.352252513,3.266013035,770,F,UnderGrad,FullTime
,-0.448806019,-0.666101281,-0.62266447,0.120861602,,0.49160903,-1.817112644,-0.585958072,2.677233454,0.182832088,2.581347295,269,M,UnderGrad,PartTime
-1.369632035,0.210073204,-1.366311959,0.91963908,-1.503389132,-0.954193379,-0.323163899,,1.342477353,0.304718594,0.776855423,,15,M,UnderGrad,FullTime
3.352529988,1.214744097,1.405308999,1.109625575,1.248477247,0.377466801,0.602622201,-0.533456265,-0.821753313,2.241681624,-0.334794854,3.362270519,556,M,PostGrad,FullTime
-0.360326188,-1.343284913,,,,0.701780718,-0.198627835,-0.265329454,-0.70866667,0.637817761,-1.086824235,2.374965304,495,M,HighSchool,PartTime
0.377678652,0.584623108,-1.7151466,-1.258135945,-0.271213766,0.460143159,0.256840887,0.554393442,-2.809965383,0.031493321,,1.932550617,311,F,UnderGrad,Unemployed
,1.328154202,,-0.059807493,-1.160082985,0.586556938,1.186327844,-0.960807971,0.098657475,,,2.256577527,34,M,UnderGrad,FullTime
-0.268218223,,-0.527955037,-1.063898895,-1.426387195,1.32021566,-0.451484029,,0.538922901,2.561575371,-1.170075952,-1.026529415,581,Missing,HighSchool,Unemployed
,,-0.311449711,0.124061826,,-0.104980448,-0.233175178,-1.774522617,-1.226146926,2.104502244,-2.612829924,2.498075242,898,M,UnderGrad,FullTime
5.290277716,2.985755171,0.371273078,-0.107744,0.914709984,-0.340805374,0.304446135,-3.599486861,,,0.320343972,-0.787138899,846,M,HighSchool,PartTime
-0.535377303,-0.701722626,,-0.194088031,,1.501871493,0.548397599,0.183917266,-0.506510092,,-0.181029991,2.524377802,291,M,HighSchool,PartTime
-1.593610406,-1.756502946,0.208248276,1.881790943,-2.504285636,1.45535331,0.030677948,-2.265232445,0.23303928,,-0.898022289,1.390160639,188,M,None,FullTime
0.974049032,,0.085188642,0.115575185,,1.241797959,-0.197465779,-1.055141234,-0.327882627,1.76209252,0.365515618,,910,M,None,PartTime
0.283950785,,0.415800415,0.238740724,-1.437164753,1.163609072,0.939817687,-2.316357617,,1.895506933,0.801847996,-1.56053789,476,M,None,FullTime
0.845880712,0.841332894,0.345805115,-1.427217021,-0.110631994,0.188820971,1.243394859,-0.086275389,0.030131107,,0.081255322,2.339335281,624,M,PostGrad,FullTime
-1.160525715,1.167022741,-0.473046005,-0.464893828,-2.000686997,1.524113695,0.896962673,-1.190478072,1.490881502,0.90343105,2.436218849,0.330073321,907,F,HighSchool,FullTime
0.643998893,-0.119359068,-1.739913163,-0.022653959,-0.140234267,-0.078098493,,-0.168629984,-2.184769945,0.595078202,-0.696719266,1.578205042,844,F,UnderGrad,FullTime
,-0.696799043,0.797008649,0.094453815,-1.387630332,0.656194387,-0.593663362,,,1.11529101,1.231625355,1.180350704,651,Missing,HighSchool,Unemployed
1.702376395,,-0.869932406,-0.197436274,,1.007862612,-1.891643411,,-2.618617399,1.231037762,2.284238686,1.69952223,223,F,HighSchool,PartTime
-2.618748376,-0.375312976,-0.173706114,0.336523652,-1.998114479,0.775779472,0.574204927,0.760681892,0.123636696,-0.771341995,-0.391181699,2.094694071,797,F,UnderGrad,FullTime
0.931492285,,-0.506872223,-0.423790647,0.356223823,0.743146303,-1.481515211,-0.532092508,-1.697174035,,1.554610775,0.141248143,569,M,HighSchool,Unemployed
-0.568938346,2.006140738,-1.012768135,0.582041701,-2.172488779,-1.281423466,0.169826381,-1.644929432,1.384896141,,1.497059069,0.744900329,445,Missing,UnderGrad,Unemployed
2.095056971,-0.160793414,-0.778107598,-0.898031194,0.619177927,,-0.04995968,-0.238505201,-1.626482301,1.685030512,1.693971957,3.893392476,48,F,HighSchool,PartTime
-1.895818233,-0.616038786,-0.608468013,-1.042424311,-2.16211648,-0.339946096,0.076000201,-0.260664597,-1.146479136,,,2.198464609,205,F,UnderGrad,FullTime
2.416117192,2.889665128,-0.096812387,-1.848471843,,,1.596723488,-3.180528781,2.0232711,3.44366913,-1.370739841,-0.27212975,258,F,UnderGrad,PartTime
-0.429358838,-1.081450275,-0.304581763,-0.928444651,-0.857215455,-0.36510269,,-1.001934947,-0.886297009,0.697031869,-0.018880212,,150,F,UnderGrad,FullTime
-2.767946257,-1.989428872,1.557181619,,-3.101811702,0.391831221,0.045111199,-1.556681926,1.083096057,1.18502822,0.606870378,2.61516392,680,M,HighSchool,FullTime
-1.16965877,0.19168986,0.833870295,-0.220101706,,1.460526972,,-0.875677201,0.050672608,0.922768239,1.317384087,,375,F,PostGrad,FullTime
-0.829969927,-2.418172547,-0.623631071,-0.196194786,-1.450649754,0.792908816,,-2.123312722,1.103687947,1.809014,-0.875468922,1.376108013,20,F,UnderGrad,FullTime
-0.508966404,,2.145319041,-1.749621866,-1.47807779,0.965902836,-0.589681782,-1.968600725,-1.459681749,1.136084397,1.107934029,-0.77799361,118,F,UnderGrad,Unemployed
-1.405004328,-1.560629474,-0.332586438,0.350229302,-2.078647276,,,-1.635994595,0.027990427,1.313494872,0.340384676,1.63847389,401,M,HighSchool,FullTime
1.383951522,2.358622793,-1.624403594,1.1206221,-0.256252147,-0.592587925,0.334756531,,1.85385033,1.719925425,,0.276915173,160,M,UnderGrad,FullTime
,-1.257831851,0.290027637,-1.623749736,-1.201033325,-0.753459364,-1.241028175,-0.602488478,,0.895516762,1.699838563,2.622907614,315,F,HighSchool,FullTime
0.584217017,-0.659047368,0.831697784,,-0.372030909,0.060888278,0.084113657,-0.557359348,-0.992707691,,-2.053236608,2.766410858,535,Missing,PostGrad,FullTime
2.174075452,0.178912541,-0.136171524,-0.063138087,0.305407252,1.289262502,0.901511106,-1.199798817,-0.784610071,2.244282203,-1.991283917,2.714558205,841,F,UnderGrad,FullTime
-0.62313309,2.288964791,1.1704911,0.978541047,,-1.758987662,1.034065667,-0.970478196,1.862580171,0.962830065,-0.757889684,0.375109775,296,F,HighSchool,PartTime
2.342557663,1.510209335,0.34179252,0.677650403,0.631598341,0.538252011,-0.966502925,-1.104416422,0.919925036,1.958900346,0.251260646,1.116588478,510,F,PostGrad,FullTime
1.225849193,-1.942953175,,0.855021177,-0.354187379,1.08578569,-0.069700565,-2.289340113,-0.479376678,2.627965986,-1.419776016,2.139696421,87,M,HighSchool,FullTime
2.04644087,-1.715588993,,1.458467416,0.69063145,0.618699066,-0.713768713,-1.981508108,-1.084428639,,,0.681392984,127,M,UnderGrad,PartTime
1.697893219,1.983027444,-0.616657263,0.277579994,-0.23277792,0.297709889,0.636612653,-1.392376399,1.016991292,2.054066127,0.987966461,1.114200343,867,F,None,FullTime
-0.108865479,-1.891747951,1.747440698,-0.65582678,-0.411977536,0.679026431,0.11621275,-0.192684802,-0.286733862,0.973588898,0.995135026,3.628295625,208,F,None,PartTime
1.017292772,2.370902961,0.303815058,,0.047887577,-0.06471568,,,1.737046344,0.82798221,-0.667142241,0.729407279,345,F,HighSchool,Unemployed
3.719618659,3.057127072,0.063721373,-0.469099567,1.00654515,-0.977578337,-0.250415599,-1.884688015,1.667987929,,0.451681571,,689,F,UnderGrad,FullTime
-6.156589102,1.399791256,0.617840216,-0.433908047,-4.922191085,1.216997729,-0.045782135,0.13958004,,-1.731114212,0.462889923,-0.900933654,557,F,UnderGrad,PartTime
,0.162693687,0.162830086,0.705270532,-0.099953939,-1.537500741,0.196744214,-1.654566618,-0.698978965,2.512523016,1.16123423,2.513819072,29,F,UnderGrad,PartTime
-1.315485252,-2.776234975,1.455449185,0.96885195,-1.819713971,1.34639377,-0.572951828,-2.018070916,1.625798464,1.872594355,1.077131636,2.380603437,446,F,None,PartTime
0.133840851,-1.234976647,0.525995951,0.025813978,-0.649814146,-0.370590733,0.170608638,-0.839541287,-0.469285304,1.322285218,,2.617407145,953,F,PostGrad,Unemployed
-2.185975702,0.181276802,0.265613057,-1.211361857,-2.037528416,-1.704292855,-0.336680804,0.572572215,-1.311128224,-0.655923311,,1.71903148,711,M,HighSchool,FullTime
-0.751128215,0.436703132,-1.2206452,1.247555246,-0.483809832,0.016321169,0.149238076,1.555444844,-1.933594952,-0.943540674,-1.02051181,,735,F,UnderGrad,PartTime
1.301717979,1.915412873,0.833427821,-1.489329293,-0.302955362,1.067095116,0.554543827,-0.859828878,0.836300532,1.607044101,0.497248857,1.515842279,6,M,UnderGrad,FullTime
-1.612433984,-0.745388102,1.561912109,0.547509549,-1.961598753,-0.340522208,,-0.454692551,,0.419848754,2.020256832,2.134396441,400,Missing,UnderGrad,FullTime
,,1.361684269,,-1.094913273,2.40844454,0.73080383,-0.358407942,2.408025371,,-1.292556528,-0.300344095,141,M,PostGrad,FullTime
-0.682139072,-1.282212052,0.438985206,,-1.026884661,-0.536416475,0.092169193,-1.208221772,-0.975207338,0.62777483,-0.122889754,-0.18237058,293,F,HighSchool,PartTime
1.177032594,0.699553733,0.480434995,-1.964674311,-0.799583201,-0.246415214,-0.706309179,-1.857123159,0.083439052,2.326655219,-0.33026071,,729,F,HighSchool,PartTime
,-1.034983865,0.985087459,0.94368236,1.023980961,0.087848754,1.476000907,-1.833548509,-2.043273193,2.321235135,1.368369867,0.962756551,823,F,HighSchool,PartTime
-1.895739951,1.190622436,-0.456121097,-0.412443423,-2.141171468,-0.368973692,,-0.404457252,1.553858932,,-1.438158779,0.510756103,300,M,UnderGrad,FullTime
,-1.688080624,,0.316826715,-0.375944684,-0.760507379,-0.724803659,-2.41985409,-1.012390769,2.34639966,1.998814904,,633,F,PostGrad,PartTime
,-0.093564215,1.140005577,0.815574734,-1.348555174,,-1.451828792,,-2.296022003,0.548742256,-0.957863801,1.362924583,779,F,PostGrad,FullTime
0.292974248,1.773180432,-0.706657951,0.257914158,-1.005589065,-0.208690394,0.912568222,-0.921867121,1.105014101,1.270802539,-2.014928548,1.040355204,131,M,UnderGrad,FullTime
0.653985742,-1.388020901,0.715695142,0.162068056,-0.865074294,0.1108308,-1.847980967,-2.48748208,-1.467243009,2.110603904,0.714741859,,456,Missing,HighSchool,FullTime
-0.8872197,1.492150523,,0.49865086,-2.195742635,0.513395916,0.166812423,-1.426423412,1.108627554,,-1.081308961,,484,F,UnderGrad,FullTime
-0.46369738,,-1.334295011,-1.030710372,-1.409076933,-0.097309511,,-3.353833308,0.656587309,,,-0.693577469,201,F,PostGrad,Unemployed
-0.841247398,-1.783778171,,0.098259832,-1.609628832,-1.339436834,1.420045096,-1.805646417,0.10798014,1.559582432,-0.485098809,1.509803462,514,M,UnderGrad,FullTime
-3.595441371,-0.15249353,0.307739358,-1.469320544,-3.088873669,1.103340757,1.908067377,0.503951952,-0.447677116,-0.885355065,-0.348236005,1.932764625,530,F,PostGrad,FullTime
0.887115226,-0.021649151,0.105034089,-0.163011937,0.214513611,,1.656686826,-0.247975372,0.124656244,,2.546775987,1.832041335,580,Missing,PostGrad,FullTime
-2.634035267,-2.770706841,,-0.142983512,-2.745954448,-0.221688963,-0.355155836,-2.09487577,1.853079971,1.349379368,0.943263965,1.44543021,715,F,UnderGrad,Unemployed
-1.517692611,,-2.014086833,-0.113730745,-1.799732205,1.028237111,0.475454111,-0.484202345,-0.679978545,0.345662847,-1.212099125,1.609985839,649,F,UnderGrad,FullTime
-2.299781311,-0.431438346,-0.592729682,1.119784147,-2.811585195,-2.191104571,-1.763722968,-0.717057672,-0.205979922,0.617584613,-0.361325754,2.547487142,339,F,UnderGrad,FullTime
1.909624568,,0.84409956,0.594887988,0.086921704,-0.051575319,-0.391171436,-1.600318334,0.741430215,2.18393927,,1.002590865,272,M,HighSchool,PartTime
-0.207902861,0.005055142,,-0.572293965,-0.654260751,-0.097924005,-1.047532175,-0.070981552,0.026168907,,,2.063871731,789,M,UnderGrad,FullTime
-1.047270238,-2.816490229,-1.91365047,,-1.581220439,0.829378644,-0.91824681,-2.431794351,0.994756929,1.801405015,-0.521866595,0.726933303,957,M,PostGrad,FullTime
-2.724074122,,2.007594904,-0.754866821,-2.578763036,,-0.143324571,0.215182648,,-0.465015394,,1.867971663,879,M,HighSchool,FullTime
0.982211133,,-1.783040547,-0.603631655,-0.794065513,-0.232375905,-0.082448971,-1.605917909,0.362312722,2.053748455,0.256641027,1.541746717,936,M,UnderGrad,FullTime
,-1.655891933,,0.570447022,0.039319223,,0.086650257,-2.266924964,-1.023505145,1.874810117,-1.418708917,-0.527615183,560,M,UnderGrad,FullTime
0.252785794,-0.895305462,-0.895471452,0.950951467,0.754767164,,0.146328662,0.595227761,-0.70273592,-0.455668896,0.869884162,0.202037288,5,M,UnderGrad,Unemployed
1.104344646,0.522836255,,-1.845117178,0.000390587,-0.374738525,-0.297291756,0.037777089,-0.756015947,1.10997157,1.605379979,,82,M,PostGrad,Unemployed
2.651399878,3.079636461,1.114542638,-0.022958228,-0.207586449,0.912794723,-0.11185734,-2.351135221,1.645839692,3.028581054,-1.405474139,0.518215635,744,M,HighSchool,FullTime
,1.262054723,-1.514061029,-0.296490305,0.912387868,-0.298290109,-1.518694855,-0.361377445,,,0.784191906,,582,F,HighSchool,PartTime
2.620187716,2.635028106,0.850803277,,0.945308121,-0.150355055,-0.481000498,-0.639116184,1.564306479,1.677802799,0.489516469,0.833676242,565,F,UnderGrad,FullTime
-2.908420807,0.861889752,0.105548317,1.113677076,-3.306573241,-1.427385628,0.303257228,-1.696506795,2.370715752,0.540599932,-1.094954756,-0.967777386,585,F,HighSchool,FullTime
-1.789196823,-0.48357617,,-0.332131285,-2.566886834,-0.669557223,0.688529499,,-0.889230413,0.847854892,-0.442235902,-0.502228116,795,F,UnderGrad,FullTime
-1.88431814,2.615921489,,0.020785112,,-1.020197007,-0.544418437,,2.78733019,,-0.750040416,-0.296407758,820,M,UnderGrad,FullTime
0.552182803,0.663376539,-1.334509281,2.072894446,-0.028857319,0.040195618,-2.424985236,0.684190303,-2.374692654,0.022918051,-0.892785335,,9,M,HighSchool,Unemployed
-1.948783962,-1.402062978,0.593470565,0.500743917,-2.109417265,,-0.751509917,-0.994567637,-0.174876991,0.538885017,0.998953368,1.249321655,815,F,HighSchool,PartTime
-1.73838496,-2.80512218,0.419386058,-1.680588974,-2.534676729,0.278576713,1.063668085,-2.992590683,1.639398739,2.225854725,-0.05871102,1.147147847,457,M,UnderGrad,FullTime
-0.45443138,2.822700395,-0.264478317,0.505470703,-1.072904631,1.04793617,1.87834075,0.270134176,1.859313614,0.171930353,-0.400042946,0.927006961,187,F,UnderGrad,PartTime
0.344604098,0.269143551,0.025943262,-1.028797676,,0.264870778,1.455038306,0.23828494,,0.54368849,,2.854906452,443,F,None,FullTime
3.035086095,0.348497102,1.253855495,,1.013299799,,0.698481383,-1.596673873,-0.57465746,2.471026194,0.187057272,1.411298639,853,F,UnderGrad,FullTime
-1.048891128,-0.221201705,0.468152216,-0.434241752,-2.139759767,0.34309825,1.314989,,-1.796294633,0.998915157,,0.393909274,177,M,PostGrad,FullTime
-3.04556787,-1.464581833,-1.422920289,-0.735936889,-0.807648698,0.669418864,0.042676727,2.219713209,-0.52758818,-2.590241108,-0.980315639,0.533671393,342,M,HighSchool,Unemployed
-0.146164803,,-0.24040039,0.44470121,-0.653691876,0.280429628,-0.694162365,-0.408820786,-1.599592869,,0.798365755,0.961882105,402,M,HighSchool,FullTime
-0.998100043,,0.642431792,-2.246506562,-0.863905558,-1.742557784,0.20674423,1.064602242,-2.553416926,-1.016663986,1.570165268,,562,M,UnderGrad,PartTime
,-0.096725209,-0.49179931,-0.651876306,-0.290760794,1.28631394,-0.137167043,-0.208198759,-0.649490195,1.025666661,-0.16900631,2.793381566,626,F,HighSchool,FullTime
0.940381391,-1.284882883,-1.061562034,-0.203280551,-0.70413729,,0.728853959,-2.256587372,-1.516380076,,-0.631884205,1.157301011,449,F,PostGrad,FullTime
,,,0.207216178,-3.170809562,0.928411764,-0.208828642,-0.467082106,-0.424960771,0.32317584,0.511196048,2.818221772,138,F,UnderGrad,FullTime
-1.591770821,0.166866333,1.047264818,0.946183197,,-0.642860443,0.804438962,-0.3975286,0.030719841,0.480495947,-0.425965166,2.129245911,994,M,HighSchool,PartTime
,-0.106354538,0.598362426,0.307343258,-0.362731297,0.041731043,,-0.383703083,-1.519824928,0.50309545,1.069347716,0.812368371,56,F,UnderGrad,FullTime
1.11471626,2.332787857,1.082666277,-1.812575723,-0.01616857,0.794055303,0.213880836,0.750492983,-0.012420488,,0.800542357,3.239410398,766,F,PostGrad,FullTime
3.022854897,0.22366636,0.516440102,0.301623666,,1.208201764,,-0.544359779,-1.639086655,2.225368633,-0.500014323,,57,F,None,PartTime
-1.478827536,,-0.200925898,0.058254906,-1.878463465,0.305981522,-0.096414611,-1.421936339,0.735185456,1.163361564,,1.676642258,604,F,UnderGrad,FullTime
-3.242967729,1.305714632,-0.022853548,0.246663601,-3.793870284,-1.028976198,-1.27078494,-1.581322156,,,0.291585549,-0.432011418,207,F,HighSchool,Unemployed
1.92066237,0.687479766,-0.264357556,0.603021488,,-1.547297057,-1.784471455,1.244622743,-3.532580764,-0.106943955,-1.567949966,2.125990324,238,F,HighSchool,Unemployed
-0.52326745,0.927951988,-0.208472513,1.310569085,-1.779071831,,0.205648889,-2.326270766,2.198639849,1.695618405,0.29091282,-0.914877118,960,M,UnderGrad,Unemployed
-3.206140271,-1.589818492,0.284945945,1.525759617,,0.067163659,0.34717868,-0.951840762,-2.38422619,-0.682409881,-1.26777823,,533,F,HighSchool,FullTime
-2.5145418,-0.255096298,-1.413299235,0.565042514,,-2.914669849,-0.530727077,0.317082002,-0.616184545,,1.226234415,0.484055072,36,M,UnderGrad,FullTime
2.96106181,-0.296620016,-0.948884381,-0.015311415,1.495320753,,-0.608112399,-1.06936974,-2.944321127,1.480914698,-2.20394582,0.039566303,88,M,HighSchool,FullTime
0.015072724,,0.982085746,,-1.096213883,0.539127276,-1.26061691,,-1.501946128,1.402585004,-0.783449513,-0.401126784,130,M,UnderGrad,FullTime
-0.738691772,0.727833904,0.379870236,0.107700692,-1.293322175,-0.261902622,-0.080535645,-0.246082856,-0.310090796,0.33553638,2.299790262,1.156941977,251,M,UnderGrad,FullTime
-0.715829579,1.046626391,-0.89750515,-0.026159602,-1.114428526,-0.389983584,,0.454965625,-3.033529386,-0.556508543,0.375968253,0.464470328,189,F,HighSchool,PartTime
,0.307318041,0.932438453,0.831006852,,-0.791124949,-0.867245907,0.8263637,,,-2.313871551,-0.719144012,559,M,HighSchool,PartTime
-0.69433109,0.847487017,1.763036274,,-1.696166908,0.369224535,0.925434411,-1.655082857,1.682542301,1.28491542,0.284980773,-0.100691712,997,F,UnderGrad,FullTime
0.219618816,-1.294708935,-0.461007526,-1.83260226,-0.499158499,-0.769614015,0.407798975,-1.253412314,-1.055494688,1.13784129,,0.714456545,418,Missing,PostGrad,FullTime
-1.22268538,1.084375343,-0.483451797,-1.966407438,-2.168764342,0.125052061,0.385493006,-2.0354888,2.417579412,1.258953356,-1.985038432,-1.04672225,200,M,HighSchool,FullTime
2.589798203,0.747628815,0.094450823,0.364521545,0.972649434,-1.737196876,1.126246072,,0.6833973,2.069047588,0.39201478,,544,M,None,PartTime
3.363078717,-0.323346177,-1.201678905,0.497458527,1.476872501,-1.66733528,-0.592932204,-0.461365004,-1.944423628,2.262057218,-0.945671541,,860,M,HighSchool,PartTime
-0.18964053,-0.38813638,0.877670335,-0.139752001,-0.827680989,-1.601145431,1.480979888,-0.177427922,-0.738688407,,1.027478809,2.773872923,973,F,HighSchool,FullTime
-3.573219465,-1.088786507,-1.368276545,0.031904207,-1.393708125,-1.132344528,1.000846991,1.976196231,-0.918240426,-2.763175257,-0.964783855,-0.327602544,653,M,UnderGrad,PartTime
0.076574323,-1.294351626,-0.106410434,0.003412245,-0.596752784,-0.419089935,-0.933186432,-1.127704615,-0.55302386,1.181276182,0.582786081,1.294367138,901,F,UnderGrad,FullTime
-4.815553419,-1.107866248,0.905513197,1.119295004,-3.85450616,-0.411307796,0.255777961,-0.251442622,0.874969316,-0.912318658,-0.727739641,0.644520799,282,F,HighSchool,FullTime
-0.518904109,,2.232260215,-0.24557665,-0.828134442,,-0.435873637,-0.572852576,-0.135407078,0.755340706,-1.288655553,,404,Missing,PostGrad,Unemployed
3.242782955,1.889458859,-0.848524305,-0.164277892,1.908834719,-0.764697107,-2.466405817,0.146121306,0.734589809,1.367490289,1.892902265,1.790670247,422,F,UnderGrad,FullTime
,-0.566376115,,0.137725829,-1.111116234,,-0.081591372,-0.572008841,-0.894100148,,0.102256839,2.80495268,252,F,HighSchool,PartTime
-1.900917405,-1.231789473,-0.072630455,-0.063134964,-2.632696571,,-0.649527127,-1.956057226,-0.786357127,1.066584761,1.171310527,0.336535046,473,M,HighSchool,FullTime
-5.170920513,0.30177429,-0.849817469,-0.81944961,,,-1.181921834,0.523665657,1.749904836,-1.579389332,-1.84792825,0.382598554,616,F,UnderGrad,Unemployed
,0.192284657,0.486673397,,0.482674612,0.642258751,,-0.410009208,0.794062236,0.93438484,-1.055551399,0.947185749,845,F,HighSchool,FullTime
,2.598930649,1.392747991,0.453921579,-0.074781697,1.187289303,,-0.642018841,2.060530269,1.186669702,0.84332696,0.315043922,959,M,UnderGrad,FullTime
-2.140489614,-1.365376959,0.469752341,-0.966047822,-2.460011661,-0.559386685,,-0.893112444,-0.616941379,0.620533239,,2.146239446,902,M,UnderGrad,PartTime
3.52382199,4.065746537,-1.468689506,1.340567148,,,,,4.259217956,3.286901311,-0.453700096,-2.735843008,494,F,PostGrad,FullTime
0.885008941,1.312198342,0.362206306,0.057430035,-0.537355172,1.127282153,-0.051007553,,2.118715095,1.836231483,-0.101873791,-0.701743202,413,M,HighSchool,Unemployed
-1.986590039,,1.144548786,-1.180926674,-1.295992539,1.427695705,0.615730799,,,-0.833423672,-2.281199334,-3.211834533,247,M,None,FullTime
-0.769305537,,0.767113699,2.187730021,-0.669972002,-0.288461919,-0.526685327,,-1.540994079,,-2.702217991,-1.373060259,752,M,UnderGrad,FullTime
-1.00288349,-1.050703758,-1.353022608,0.269508929,-1.777928179,-0.856915362,0.849487427,-1.001282987,-0.773131387,1.116013268,1.045870764,2.508988528,761,M,None,Unemployed
-1.854280287,-0.020422433,-1.332399312,-1.248590465,-2.299992484,-1.444225711,0.399638376,0.004118837,-1.108656669,0.224234534,-0.584947799,2.947729072,321,F,PostGrad,PartTime
-0.534642152,-0.541671266,0.991797784,,-1.271014687,-0.226454542,-2.057094511,,,0.825700926,-0.215760185,3.02455833,655,M,None,Unemployed
0.109476457,,0.058986944,-0.587860018,-0.90001754,-1.189561987,1.729962381,-0.766721581,-2.190160611,0.860288892,0.269778121,1.285015749,357,F,PostGrad,FullTime
0.046747385,-1.016870062,-0.337418417,1.459279546,-0.888342973,-1.598482953,-1.568407827,-1.797839297,-1.219091317,,,,690,F,HighSchool,Unemployed
0.188177774,,-2.011399422,0.333094198,-0.685078785,-0.370381729,0.595991148,-0.811387561,-1.958959306,0.731224545,-0.778282818,0.528326715,384,F,UnderGrad,FullTime
0.369736696,0.305197248,0.034506389,-0.846958309,0.519964197,,0.121776279,1.167738111,,-0.804198896,-0.365298664,,712,F,UnderGrad,FullTime
0.50971933,1.80979838,1.785893368,,-0.724802114,0.570864354,-0.777638202,-0.835878465,1.311090868,1.234461795,,0.898540924,837,F,HighSchool,FullTime
1.92146318,,-3.069432692,1.291939669,0.925964902,-1.328005224,3.191720268,,1.036798426,,0.387409435,1.290169323,498,F,UnderGrad,FullTime
0.517607794,-1.058855657,0.810859406,-1.238806996,-0.079264183,-0.16249338,0.296007468,-1.266540077,-1.387090445,0.847072752,-1.423848185,-0.689663467,642,F,UnderGrad,PartTime
-1.061454696,-0.255098506,,-0.253972277,-1.97993748,0.609153823,-1.579376648,-1.587267222,0.477305984,1.28358915,0.065597267,0.962057189,834,F,HighSchool,PartTime
0.310543993,-1.907846202,0.0272934,0.283457494,-0.689686294,0.213410917,0.232583003,-2.632949974,,1.876390531,1.362686991,,340,Missing,HighSchool,FullTime
,1.795969651,-1.129218988,1.490122269,-0.468817855,-2.163918547,1.181191,0.089528108,-0.036948196,0.032915129,0.420075135,-0.026935437,35,M,UnderGrad,FullTime
-1.364065735,,-0.487655267,-1.119419754,-1.392608373,1.484657245,1.593696364,0.048512366,-0.6702653,0.195854154,0.180443243,2.617336085,986,M,UnderGrad,FullTime
0.0545619,,0.943595884,1.690811556,,,,-0.688503341,0.500001947,1.151847217,0.168654867,1.767687057,776,F,UnderGrad,FullTime
-0.895446904,-1.943041336,-2.381895768,-1.108939305,-2.252382057,-0.165642768,1.581063679,-2.664422505,0.3210725,2.396940288,0.542628323,2.062552482,197,M,HighSchool,FullTime
0.763804014,0.109093899,-0.597869681,-2.446187042,0.045379061,-0.408314009,0.557900332,0.008194935,-0.298303103,0.847344617,0.279590251,2.485008166,322,M,None,PartTime
1.047348256,2.376723828,-0.34658851,0.296438662,,,0.034447202,-1.535854439,2.313852056,1.703707951,,-0.357571171,307,F,UnderGrad,FullTime
,-0.175326963,1.74639367,,-0.605208709,0.253581397,-0.437346135,-0.554064186,-2.430990838,0.503508304,-0.015186781,,471,F,UnderGrad,FullTime
1.015891454,-0.1568556,1.067661169,1.858981217,-0.177454681,0.450726003,0.55562672,-0.66134167,-0.672219615,,1.16318374,2.657815067,42,F,PostGrad,FullTime
-0.618535808,-0.124601789,-1.067120369,1.090971242,,-2.330207611,-0.253262907,0.741264244,,0.113374891,-0.234894795,3.554040628,250,Missing,HighSchool,PartTime
0.879023194,1.072181384,-0.066440071,0.523633873,0.576144507,-0.662810718,-0.429416732,1.128544714,0.063341946,0.076419795,,2.62733055,128,F,HighSchool,PartTime
,0.137576182,0.040643222,-0.675890613,-1.766311744,0.080568666,1.147511699,-1.337921267,1.754972338,,-0.632521591,-0.358447848,90,Missing,UnderGrad,FullTime
-2.665399546,-1.764160381,0.280536604,,-2.973836152,,-0.640091236,-1.794715555,0.519827802,0.957536174,0.164578321,,174,F,UnderGrad,FullTime
-0.531842849,0.817891331,0.386553539,,-0.60675865,-0.156710757,0.285529645,1.006892548,-2.338182916,-0.722023844,1.115739651,1.245056892,950,F,UnderGrad,FullTime
-2.055274521,-0.127634676,,,,,1.088006982,1.009947652,0.098617821,-0.953843858,0.373582335,1.565645163,451,F,HighSchool,FullTime
-4.308239079,-0.10763008,-0.772198659,0.172815261,,-0.168001949,-0.351150729,0.862514032,1.148590338,,0.816388509,1.02121026,235,Missing,PostGrad,FullTime
0.798552596,2.818502223,-0.291420223,,-0.567149155,0.17133363,0.324985391,-0.661369327,1.84725269,1.180926686,1.060217966,0.615941375,667,M,None,FullTime
0.006735522,-0.024011248,-0.222829582,-0.889097134,-0.689158148,-0.565169309,-0.966842627,0.091806984,-0.821425668,0.70957862,-0.9713201,3.120704364,10,M,PostGrad,FullTime
0.768619752,1.328332166,,,-0.108006437,2.750754216,-1.121676467,0.67647173,,-0.132683434,0.078214894,,918,F,UnderGrad,Unemployed
1.117946057,2.202411075,,-0.574353669,,-1.060649223,0.39415211,-1.088948447,1.313913167,1.628870989,,0.91484266,527,F,UnderGrad,FullTime
0.031284409,-1.893466495,,-0.475365055,-1.217288035,-0.865873165,0.813647874,,0.236625522,2.278787106,0.241060522,1.618345264,184,F,None,FullTime
-2.713454041,-0.367569121,,,-2.92219431,-0.457370535,1.157504511,,1.281962526,0.507870652,0.975988807,0.083637731,969,M,HighSchool,FullTime
-2.00454036,-1.915823881,-1.632978871,1.419797671,-2.976476565,0.426596704,0.375914766,-3.036832328,1.229098018,2.03310925,0.49179855,0.458066977,627,F,HighSchool,FullTime
-0.567252223,0.989796013,-0.733086403,1.427302716,-0.797195205,0.329553861,,0.156715389,1.089318926,,-0.293325521,1.15506237,595,F,HighSchool,FullTime
,-0.784687067,0.30051734,1.492595024,-0.582892015,0.577955302,-0.665916659,-1.035213192,-1.870109084,1.106321561,0.422916261,,213,M,HighSchool,PartTime
,,1.292001209,-1.487872598,,0.5058446,1.53975999,-0.991019853,0.53768278,0.44467667,,0.894838844,323,F,UnderGrad,FullTime
,-2.960657804,-1.315319121,0.01137457,-3.677482106,-1.340804723,-0.848454107,-2.370004194,2.201100112,1.588797307,0.065312615,2.277519031,399,M,HighSchool,PartTime
-0.065922736,-1.737074488,-0.692088065,-1.048952857,,-0.009286033,0.427402675,-2.450021886,-0.272040704,2.054570873,-0.071073688,0.69544678,423,F,UnderGrad,FullTime
-1.5248863,-0.310901857,1.10256634,1.181983254,-1.869988156,-1.522855348,0.364584806,-0.264944417,-1.461892193,0.140050452,0.493833197,1.618520346,791,M,UnderGrad,FullTime
0.59371197,-2.25310894,1.663238659,0.856382069,-0.818287529,-0.3477833,0.606138432,-2.807918363,0.198229152,,-2.488312221,1.114902473,448,F,UnderGrad,FullTime
1.348794349,-1.645282483,0.02900811,0.694023587,,1.422991088,-1.670117761,-1.899693069,-1.239259591,1.878683017,-0.334687714,0.503916727,40,F,None,FullTime
1.385690499,0.330749312,-0.97514643,-0.084536475,0.180812673,-0.460698177,-0.471099552,-0.169516003,-0.771763953,1.316087202,0.576705382,,281,M,PostGrad,PartTime
0.61409867,-0.941714372,-0.358119798,-1.164368961,-0.733528307,1.80370609,0.688798799,-1.75389799,-1.805341357,,1.411169599,0.862687049,254,M,PostGrad,PartTime
-0.341556075,-2.886085438,0.308281348,0.45772707,-1.323892526,-0.079436465,0.45842988,-3.441112903,0.764990352,2.37770121,,,151,F,UnderGrad,Unemployed
0.587107348,,-1.430819207,2.211047947,,,,1.638523911,-3.13553999,-0.485374736,,3.056272499,617,F,HighSchool,Unemployed
-1.453427832,2.044686744,0.314841232,0.599908473,-1.962411047,,0.254849367,-0.016202313,-1.242271941,,-1.054653456,-0.342259036,980,F,UnderGrad,PartTime
1.483204109,-0.13530962,0.815450009,,-0.066446106,1.16564981,,-0.940364801,,1.88349853,0.572225933,2.939319097,139,M,PostGrad,PartTime
-0.822028109,0.407413333,0.028372174,,-1.159030956,0.068998625,-1.042940157,-0.594051999,1.264771649,,,0.538851166,43,M,PostGrad,FullTime
0.087212129,1.180804834,,-0.197359888,-0.478218229,-0.240470321,-0.318053688,-0.196518715,1.226744921,0.570300436,,,719,M,UnderGrad,FullTime
-1.353466751,,1.138702702,-0.837260194,-1.872399947,,-0.220055415,-1.88043024,0.541101002,1.30788163,1.227638503,0.751471607,102,M,None,PartTime
0.927813751,0.970827322,0.642623723,0.065758243,-0.298007006,-0.634020034,-0.011236539,-1.225743822,,1.515020366,0.299001453,0.540220157,318,M,HighSchool,Unemployed
-0.446063699,-0.423615167,1.183328128,-0.333037963,-1.258501236,-0.280319899,-1.189909779,-1.137747509,0.165676143,1.178282201,1.119277637,1.43350217,212,F,UnderGrad,FullTime
0.330328162,,1.92065267,-0.053553975,-0.75676702,-0.168594622,0.575697036,-1.839654612,-0.577947931,1.772674381,0.69269383,1.124099307,970,M,UnderGrad,FullTime
5.524677417,0.341238768,-0.783911317,1.565192645,1.453936251,0.337548154,0.737247648,,-2.558490015,,0.800183117,1.752887615,739,M,UnderGrad,FullTime
-1.773603751,-0.201213666,1.427047975,,-1.609265001,-0.510853103,1.678623918,-0.017206431,-1.34089178,-0.52787623,-1.70307603,0.069900697,817,F,PostGrad,PartTime
,-2.447019581,1.007140236,-0.73931316,-2.706967079,,-0.505000176,-2.576127106,1.346063118,1.463932129,1.48677176,0.152396256,395,M,HighSchool,FullTime
-2.099685087,1.905591354,,,-2.215551361,-0.699342664,0.989394494,-0.266184403,2.364249268,-0.129025668,-0.213951051,-0.123688771,699,M,None,FullTime
0.32348221,,-0.118482252,-0.130691752,-0.527916317,0.34548556,-1.478429203,-2.191563743,0.596709887,2.059745903,0.517036105,1.072147554,298,F,UnderGrad,FullTime
-2.313292662,-0.747341441,-0.490464257,0.507696733,-2.373012679,0.262207135,-1.393762921,-1.695493554,-1.655948503,-0.160481254,0.067428907,,547,M,HighSchool,FullTime
-1.447388715,2.583159731,-0.886742454,-0.615323691,-2.352827237,,-0.038923414,-2.260963192,4.299778521,,-0.821399622,,751,M,UnderGrad,FullTime
0.718717756,,0.599118495,0.071438849,,,,-0.889463147,,1.094700999,1.130668003,-0.190121621,991,F,HighSchool,PartTime
,-2.252486846,-0.335186092,-0.11322767,-3.322049649,-0.041205556,-1.632521843,-2.08332215,1.524557097,1.75967307,,3.032255097,757,M,HighSchool,PartTime
-0.697253709,-0.758959692,-0.859278127,-2.928378047,-1.27659068,2.003547844,-0.918719945,-0.875531472,-0.209212254,0.907069323,,1.621244131,992,F,None,PartTime
-4.482447628,,-0.120696216,0.757164515,-3.569958059,0.217777125,1.339234401,0.229143592,1.131195881,-1.097796131,-3.288847496,0.838436649,915,M,UnderGrad,PartTime
-5.794112407,-1.731602262,1.528902652,,-4.735067028,-0.223074262,0.514116141,-0.882085868,1.094014552,-0.829388194,,0.082304866,405,M,HighSchool,FullTime
-1.53141555,-1.060021123,-2.264161853,0.244270096,-0.920900735,-0.161804535,-0.790591114,0.404090359,-2.251646022,-0.972144401,0.289234899,-0.169115787,230,F,PostGrad,Unemployed
2.52897922,0.837753997,0.197291021,0.598071696,1.290518655,1.04821743,-1.766236959,0.057558934,-0.281591851,1.353514538,-1.037811904,2.620577306,810,M,UnderGrad,FullTime
-0.647772988,1.270072537,2.737249837,-0.117512686,,0.288040547,-0.822282875,-1.367147198,1.442562804,,0.270619983,0.374518864,352,Missing,HighSchool,PartTime
-1.141617013,-0.230195988,0.781771312,0.999425118,-1.600874532,-0.023561842,,-0.327828219,-1.918104564,,-0.994477901,1.273342027,812,M,PostGrad,FullTime
1.61105715,-1.28354086,-0.066366451,,0.360796493,-1.358270394,,-0.357801967,-2.18815523,1.642828384,1.19089166,4.209701941,843,F,HighSchool,Unemployed
0.463796199,2.928960287,0.946215796,0.02758741,,-1.565111997,-0.481967234,-0.453738145,-1.030032068,0.173445375,0.60458368,-1.586234873,85,F,UnderGrad,FullTime
-0.806696763,-1.370325275,-0.773816093,-0.314684534,-2.150509531,-0.289093049,0.969397649,-2.238094086,0.374352478,2.198874708,1.915714962,2.404806256,650,M,None,PartTime
-3.393055546,-2.011808052,,,-2.547037304,-0.394103112,-0.380930177,,-0.11294471,-0.583135916,0.354729958,,390,Missing,UnderGrad,FullTime
-2.564318335,-1.732548049,1.544377995,0.259961927,-2.720420434,-0.429468815,,-1.136969889,0.670720316,0.795442394,,2.272480264,337,M,HighSchool,FullTime
-2.044931816,-0.729194992,0.097097126,-1.514753213,-1.94794243,0.221725269,1.337805403,0.145295549,-0.518273077,-0.095789087,,2.388078058,292,F,UnderGrad,Unemployed
2.356049217,1.143728832,,0.678253554,0.759168152,-0.542516137,1.136979324,-0.537642265,-0.006526704,1.745931953,-0.080518972,2.318711266,125,F,HighSchool,Unemployed
0.448229587,-1.02387289,1.228499562,-0.596907423,-0.296853776,0.761527793,-0.704160262,-0.867186682,-1.347397143,1.028114498,1.239457124,1.264722547,376,M,HighSchool,PartTime
-1.749706523,-1.418466165,-0.448644813,1.970957517,-2.046756544,,-0.383280555,-2.014301504,-1.596395566,0.416763211,-1.412639846,-2.213012389,702,F,UnderGrad,FullTime
2.15224404,,0.201441267,-0.544200779,0.927065305,,-0.262827036,-0.095964363,1.456077418,1.134386985,-1.332588525,,880,M,UnderGrad,FullTime
-1.211027281,-1.240884293,-0.187728897,-0.38940283,-1.566055141,-1.390438511,-1.033482269,-0.950025784,-0.783429425,0.63867071,0.222844369,1.124833478,736,F,HighSchool,FullTime
,-0.32978051,-0.291194077,-1.443957949,-0.858502784,,0.397716427,-0.074900599,-1.513346462,0.139389565,-1.425630296,1.246740333,993,F,HighSchool,FullTime
-2.118200788,-0.128761927,0.038741511,-0.650549887,-2.2962935,-1.106645407,0.174872335,,-0.297810697,,1.970107523,2.516886554,182,M,UnderGrad,FullTime
,-1.934185446,-0.567816476,-0.426791316,,-0.66355989,-0.845239762,-0.373583097,-2.278159727,-1.407777854,0.205288576,-1.148750444,435,M,None,FullTime
-1.393282012,-0.612409939,-0.582127494,,-1.754918333,-0.165940648,-0.731163738,-1.225124053,-0.856411041,0.400384831,1.438204037,-0.544634868,750,F,UnderGrad,PartTime
-1.189457791,-0.658770605,,,-1.857123815,-0.289327587,,,-1.265180024,,-0.686120447,-0.204509291,927,M,UnderGrad,Unemployed
-0.817851541,1.948675055,0.130525495,,,0.738506319,2.771221812,-0.788701113,2.042562945,0.681973208,,0.103650805,246,M,HighSchool,PartTime
-0.799823261,-0.739658182,0.013211978,0.962116259,-1.063023747,0.368363594,0.162814735,-0.24683266,,0.324894051,-0.994401439,1.636082114,426,M,PostGrad,FullTime
2.013305376,-1.689186509,0.629364062,0.736934506,0.340665468,-0.321224005,-0.055648567,-2.64922009,,2.389299635,1.505214724,-0.379285761,362,M,HighSchool,FullTime
0.976141937,0.25422017,-0.190508775,,0.588062651,-0.398692393,0.357735234,0.316735944,-2.308563578,-0.040794298,-0.827141126,0.29710441,641,M,HighSchool,FullTime
0.65574926,0.740567814,1.351708068,0.555057892,-1.06088804,0.747513054,0.005165913,,0.632412128,2.073109278,0.472791548,,398,M,UnderGrad,FullTime
-3.62985864,-1.986468159,-0.820055373,-1.937476051,-3.482102952,-0.231454109,-1.249145103,,-0.278260761,0.235075776,1.08496892,1.51628215,709,M,UnderGrad,FullTime
0.20110562,1.559693191,2.01710229,-1.202175667,-0.649337266,,0.081030958,-0.921546215,2.039061769,0.976515418,,-0.131059534,882,F,UnderGrad,FullTime
-4.939017162,,1.958831292,-1.500687129,-3.143187815,,1.365703516,1.103925734,-0.036632123,-1.834127946,-1.997154938,1.855490353,488,F,PostGrad,Unemployed
-1.175920674,-0.650317767,-0.733896964,0.576792045,-1.814624833,-0.910233238,-1.436140412,-1.341802854,-0.837937823,0.779017017,0.288113355,0.305739915,746,M,HighSchool,FullTime
,-0.331957295,,1.291844872,-1.191082002,2.619188475,-1.125801312,3.007097043,0.367783892,-3.828333049,-0.858068481,-0.982276275,524,M,UnderGrad,Unemployed
1.785841108,1.277121122,,0.314624534,0.627354146,-0.539982503,-1.968832351,0.231342229,,1.091699467,2.727833335,2.784321658,403,F,UnderGrad,FullTime
-0.065050385,-1.675818448,0.214211057,-1.203683807,-0.635915353,0.721724496,0.652124897,-1.140793854,-0.445016557,1.200343808,-0.06375856,1.522892793,885,M,HighSchool,FullTime
2.563804321,-0.302487025,-0.050372158,-1.266456653,1.112933114,-0.01211909,1.164269013,-0.443698586,-1.172856428,1.826769595,,3.260283853,516,F,None,FullTime
,-1.273998639,0.559072978,0.284460383,-1.447330168,0.516542202,0.794497102,-0.392637445,-0.080675641,0.870693545,-0.382234973,3.390644483,32,F,HighSchool,FullTime
1.62485782,0.861648027,1.031616163,0.458102581,,-1.194265902,-0.548527532,-1.547345272,,2.061204727,-0.94431512,1.447077612,972,M,HighSchool,FullTime
,-1.289443626,0.522645318,-0.447040031,-2.927579034,-0.635503897,-1.919214559,-0.775894855,0.416451349,0.204524746,,1.611097032,513,F,UnderGrad,FullTime
0.00533068,1.792405434,-0.565434798,0.622154393,,-0.237954947,1.676910992,-0.060563965,0.54392965,0.708718745,-1.107471081,1.973789858,862,M,UnderGrad,FullTime
-2.394720911,-1.108408647,,1.677129838,-1.960553315,0.777178914,0.009634136,0.680862951,-0.872963523,-0.483098634,-0.331087234,3.079956016,981,F,UnderGrad,FullTime
2.12169074,1.890072081,,-0.019594703,0.504161899,,1.137041023,-0.72781762,0.894609944,1.691995791,-0.215433983,1.414337643,480,M,UnderGrad,FullTime
-0.643564264,-2.236369627,0.330217342,,,1.227022675,-1.835643452,-3.15140426,0.186636656,2.26483985,-0.127954199,-0.083506537,72,F,HighSchool,Unemployed
,-0.120788081,-1.164080903,-0.914688546,0.71961623,-0.85300976,1.111179856,-0.541204075,-2.752697367,1.153053584,0.680597755,1.321104242,784,M,None,FullTime
0.576446273,-0.93395259,0.819171308,-0.566255537,0.210213425,-0.185306011,-0.819978653,-0.340412731,-1.07427343,0.587330949,-1.149153948,1.017424317,639,M,PostGrad,PartTime
,,-0.541312242,0.731214667,-0.922862306,-0.184301827,,-1.109275161,,1.52131933,-0.526386839,,871,M,None,PartTime
-4.775931658,-1.952365366,1.228222281,-0.056899041,-3.998685234,-0.607591589,-1.909384942,-0.691100865,1.502566227,-0.249787731,-1.045332399,1.783178614,111,F,HighSchool,FullTime
-1.835009166,-1.140097901,,,-1.847837146,-0.546864222,,,-0.492464353,0.202125007,1.066774662,,19,F,HighSchool,FullTime
-1.422338089,,-0.394095124,-0.870662934,-2.232624222,-0.586381447,-0.83705215,-1.146923358,3.830921162,0.545188342,0.353764776,-1.618029408,995,M,HighSchool,Unemployed
,0.455454239,1.286668656,-0.00072663,,-1.876682726,,-0.508099005,-0.131286414,1.345999628,0.716788477,2.227864934,638,M,HighSchool,PartTime
-1.110541556,-0.93762407,-0.245842292,1.751833228,-1.981908458,-1.191669024,,-1.8095747,,1.222678115,1.343895784,0.484115582,84,M,HighSchool,PartTime
,1.793925106,,,-1.623054787,0.907326994,0.400563902,,2.218012563,-0.112285132,0.555987852,0.064122072,659,F,PostGrad,FullTime
4.292541471,1.083168344,0.124318241,-0.907502495,0.693307808,0.628488937,1.583691827,,-2.315389823,3.893892754,0.878945029,1.062132267,499,M,UnderGrad,Unemployed
-0.427579955,2.058721088,-0.208081785,0.192515624,-1.265516305,-0.7542927,0.288631246,-0.185929027,,,-0.372439195,1.318558551,76,M,UnderGrad,Unemployed
